{
  "libero_goal_no_noops": {
    "action": {
      "mean": [
        0.04721052572131157,
        0.028835246339440346,
        -0.1485840231180191,
        -0.0025010062381625175,
        0.026408178731799126,
        0.027379808947443962,
        0.6299911737442017
      ],
      "std": [
        0.3968801498413086,
        0.3473387360572815,
        0.49239858984947205,
        0.055331431329250336,
        0.07844757288694382,
        0.10008802264928818,
        0.48270025849342346
      ],
      "max": [
        0.9375,
        0.9375,
        0.9375,
        0.3557142913341522,
        0.375,
        0.375,
        1.0
      ],
      "min": [
        -0.9375,
        -0.9375,
        -0.9375,
        -0.2582142949104309,
        -0.375,
        -0.2871428430080414,
        0.0
      ],
      "q01": [
        -0.8785714507102966,
        -0.7553571462631226,
        -0.9375,
        -0.1510714292526245,
        -0.1639285683631897,
        -0.13777500048279764,
        0.0
      ],
      "q99": [
        0.9375,
        0.9107142686843872,
        0.9375,
        0.20357142388820648,
        0.26357144117355347,
        0.375,
        1.0
      ],
      "mask": [
        true,
        true,
        true,
        true,
        true,
        true,
        false
      ]
    },
    "proprio": {
      "mean": [
        -0.09923473745584488,
        0.013597904704511166,
        1.0694637298583984,
        2.82898211479187,
        0.30799180269241333,
        -0.274286687374115,
        0.028092455118894577,
        -0.027339335530996323
      ],
      "std": [
        0.11653962731361389,
        0.11478105187416077,
        0.10487838834524155,
        0.5570293664932251,
        0.7221656441688538,
        0.36479514837265015,
        0.01507475133985281,
        0.014990941621363163
      ],
      "max": [
        0.13579000532627106,
        0.33316105604171753,
        1.3660105466842651,
        3.473310708999634,
        2.6688623428344727,
        0.8255361318588257,
        0.04233968257904053,
        0.0010111660230904818
      ],
      "min": [
        -0.46141114830970764,
        -0.30129560828208923,
        0.9083037972450256,
        0.35277295112609863,
        -1.4858465194702148,
        -1.5227035284042358,
        -0.0013586411951109767,
        -0.042040832340717316
      ],
      "q01": [
        -0.42401049643754957,
        -0.27338370531797407,
        0.911226047873497,
        1.3085840785503386,
        -0.691297555565834,
        -1.130668159723282,
        0.0016738151130266487,
        -0.040336399003863335
      ],
      "q99": [
        0.08990443304181095,
        0.26473945528268716,
        1.2910678112506866,
        3.2425890421867365,
        2.3376442337036116,
        0.4659483411908149,
        0.040610933862626555,
        -0.0015016929572448147
      ]
    },
    "num_transitions": 52042,
    "num_trajectories": 428
  }
}